Result,Profit,Expected Payoff,Profit Factor,Recovery Factor,Sharpe Ratio,Equity DD %,Trades
97.35,1280.32,18.290286,1.837818,2.673795,8.677374,7.8602,70
96.63,1113.69,18.876102,1.871561,3.245869,9.04857,5.8567,59
93.02,1096.28,20.684528,2.573171,3.971597,7.711801,5.1352,53
91.42,652.38,12.309057,1.824149,2.996142,9.414429,3.9107,53
82.35,694.02,12.852222,1.865146,1.656451,5.870459,7.5717,54
80.61,501.4,8.087097,1.728028,1.362722,4.142591,6.7073,62
79.78,1216.29,12.539072,1.417645,1.999359,5.886448,10.9526,97
76.99,1442.48,17.59122,1.525214,1.63591,4.494846,14.7434,82
76.17,697.14,15.155217,1.979432,2.941519,9.749853,4.3899,46
76.16,764.12,9.318537,1.496992,1.527293,4.102204,9.1559,82
75.65,446,6.656716,1.53325,1.387679,6.826681,6.1351,67
72.58,19549.73,320.487377,2.687339,1.990224,6.468177,40.6187,61
71.55,450.81,7.640847,1.46048,1.399423,3.512003,6.1543,59
71.22,773.26,14.589811,1.56048,1.364641,6.622261,10.06,53
70.49,3426.56,68.5312,2.165374,2.108834,7.409874,22.7881,50
70.11,724.63,14.208431,1.62278,1.289469,5.021973,10.2548,51
69.96,859.81,17.912708,1.809736,1.487046,6.077578,10.2357,48
69.01,874.7,8.747,1.373401,1.354801,4.666137,11.6897,100
67.25,492.23,6.651757,1.378161,1.123274,5.640912,8.1558,74
66.67,704.66,9.395467,1.449297,1.61935,7.6391,7.7133,75
66.24,341.44,5.787119,1.426347,0.784361,3.452442,8.1884,59
66.23,697.5,12.455357,1.432022,1.188934,2.744238,11.1346,56
65.75,599.96,13.332444,1.83729,1.830709,6.370811,6.1999,45
65.63,854.55,11.394,1.441792,1.577883,7.524728,9.3721,75
65.62,305.19,5.172712,1.382789,0.988022,3.574824,5.8249,59
65.32,404.96,6.638689,1.349323,1.055793,3.370301,7.1237,61
65.1,520.75,6.943333,1.430824,1.556243,7.334815,6.1034,75
64.72,365.47,6.194407,1.385582,0.741243,3.754544,9.1552,59
64.48,2381.95,38.418548,1.523099,1.63834,5.252156,22.0499,62
64.44,920.39,9.2039,1.29704,1.222476,4.421962,13.7827,100
64.02,1202.26,27.959535,2.194852,2.820022,7.047509,7.6502,43
63.81,1033.13,22.958444,1.80512,1.715422,5.242275,11.1451,45
63.21,373.73,5.339,1.304214,0.636407,3.519383,11.0395,70
63.1,348.02,4.461795,1.303227,0.667587,2.832925,9.9469,78
61.78,447.57,5.812597,1.241748,0.742633,2.791454,11.0044,77
61.36,385.18,5.349722,1.220341,0.897186,2.522078,7.6895,72
61.17,372.16,5.638788,1.236156,0.735189,2.562457,9.2401,66
61.13,184.55,2.839231,1.212635,0.508711,2.858574,7.007,65
60.96,589.52,8.187778,1.221613,0.878753,2.559017,11.3423,72
60.78,200.38,3.780755,1.363765,0.533536,5.033834,7.04,53
60.47,520.97,5.107549,1.237203,1.020549,2.119755,9.1409,102
60.28,178.7,2.792188,1.254577,0.756082,2.309283,4.5862,64
60.2,634.79,9.474478,1.463486,1.270953,9.988935,9.265,67
60.18,655.66,11.112881,1.384845,0.682965,3.143962,16.9498,59
60.18,271.67,3.995147,1.204084,0.659826,2.394214,7.6146,68
60.07,464.69,4.555784,1.200563,0.784022,2.329793,10.4791,102
59.93,306.14,4.373429,1.229263,0.774842,2.198491,7.5434,70
59.86,244.11,3.937258,1.239836,0.656792,3.572315,7.0008,62
59.75,230.33,3.903898,1.288779,0.725335,2.199387,5.9141,59
59.58,203.67,4.0734,1.421738,1.252583,5.699318,3.1619,50
59.37,117.07,1.747313,1.145355,0.258051,2.490067,8.5464,67
59.24,301.12,3.041616,1.174155,0.570573,2.274063,9.671,99
59.09,255.6,4.406897,1.230905,0.661799,2.651209,7.5451,58
58.97,160.39,2.765345,1.236299,0.521577,2.347162,5.9469,58
58.94,566.44,5.962526,1.207253,0.926267,2.06411,10.9091,95
58.84,341.19,5.882586,1.259984,0.492921,2.484455,12.8845,58
58.76,575.36,4.60288,1.216015,0.811406,2.147283,12.7084,125
58.55,212.3,4.00566,1.255981,0.725614,4.738188,5.4767,53
58.05,885.25,10.665663,1.275285,0.875471,2.357348,16.5961,83
58,293.05,5.426852,1.275552,0.672272,2.608138,7.9816,54
57.98,291.68,5.028966,1.214208,0.52925,2.271385,10.3012,58
57.46,590.14,9.835667,1.185361,0.67303,2.404371,14.4246,60
57.42,1949.58,38.9916,1.499449,1.473661,10.14252,20.2875,50
57.39,203.77,3.396167,1.139048,0.429813,2.209499,8.5664,60
57.38,205.65,3.954808,1.21461,0.852789,3.090126,4.5479,52
57.33,887,8.782178,1.290245,0.83259,3.232256,18.107,101
57.2,453.86,3.63088,1.23361,0.743618,3.291244,11.1531,125
57.06,161.65,3.367708,1.411648,1.081126,8.55356,2.9087,48
56.93,444.33,9.256875,1.456885,0.730001,7.184969,10.8552,48
56.88,367.41,4.8988,1.218938,0.494429,2.020764,13.4024,75
56.46,742.9,7.82,1.198795,0.875452,1.988776,14.6,95
56.27,555.13,7.026962,1.241091,0.56785,2.50603,17.3238,79
56.19,448.69,9.156939,1.377142,0.754456,3.056713,10.5754,49
55.71,438.92,5.418765,1.219494,0.481758,2.171479,16.2672,81
55.44,255.83,4.12629,1.162261,0.367424,1.991971,12.9214,62
55.1,838.64,8.221961,1.326272,1.051402,5.919898,13.2702,102
55.01,397.16,4.843415,1.175379,0.498037,3.051985,14.5388,82
54.78,222.69,3.181286,1.20782,0.708054,1.694789,5.8398,70
54.18,276.11,2.733762,1.146667,0.484608,1.752389,10.3377,101
53.6,318.56,6.010566,1.219935,0.344322,2.811535,16.4945,53
53.16,195.84,1.93901,1.126262,0.504742,1.668359,7.2155,101
53.1,7060.68,164.20186,2.009645,2.225729,4.596453,22.0222,43
52.95,568.55,13.867073,2.011169,2.254272,6.568227,4.8908,41
52.95,229.78,4.888936,1.390384,0.721626,2.862733,6.1272,47
52.77,710.52,14.2104,1.227218,0.802086,3.473516,15.5956,50
52.03,181.33,3.777708,1.353098,0.560872,6.433065,6.0984,48
52.01,202.88,3.438644,1.150247,0.333673,1.685001,11.3339,59
51.86,367.08,6.328966,1.180683,0.661084,1.633549,10.9125,58
51.7,142.89,2.976875,1.280501,0.414162,2.608505,6.6565,48
51.29,596.78,12.179184,1.318743,0.617063,2.66352,16.2869,49
51.17,156.3,3.189796,1.53055,1.353833,16.149129,2.2107,49
50.88,752.92,16.019574,1.373706,0.85252,3.166164,15.4066,47
50.59,720.07,15.653696,1.39036,0.922398,4.214044,13.4419,46
50.09,207.39,2.206277,1.157909,0.621003,1.381284,6.19,94
49.85,409.18,7.054828,1.420085,0.703385,12.846051,10.1473,58
49.85,397.78,8.839556,1.326252,1.391326,3.108364,5.6432,45
49.49,91.22,1.47129,1.06887,0.161606,1.570835,10.637,62
48.07,570.27,13.577857,1.655054,1.39971,5.839176,7.6088,42
47.92,42.6,0.608571,1.060699,0.247301,1.363337,3.3969,70
47.77,320.79,7.128667,1.357048,0.739625,3.638472,8.2836,45
47.25,2315.86,31.72411,1.415783,0.702843,3.430603,44.6476,73
46.74,4001.38,67.82,1.443041,0.865087,2.569508,51.0967,59
46.6,183.4,3.162069,1.259168,0.573753,5.149544,6.0638,58
46.49,1059.76,10.092952,1.240529,0.729395,2.664091,23.1263,105
46.49,88.8,0.954839,1.110092,0.345727,2.015641,4.9901,93
46.28,115.75,2.225962,1.107986,0.305853,1.479157,7.1273,52
46.23,233.96,3.295211,1.102687,0.474554,1.128983,8.8216,71
46.16,1569.16,15.6916,1.283112,1.005298,4.008074,25.9566,100
46.01,349.2,4.060465,1.113057,0.395595,1.330266,15.4847,86
45.8,242.41,3.275811,1.097628,0.277309,1.34656,15.7168,74
45.74,213.76,2.429091,1.194773,0.473402,4.80041,8.5304,88
45.7,160.53,1.934096,1.114791,0.423339,1.0611,7.4045,83
45.33,200.88,4.464,1.22666,0.546523,3.033312,6.8146,45
45.12,184.32,2.071011,1.080437,0.290707,1.192571,11.3379,89
45,95.8,1.570492,1.179502,0.570238,3.195723,3.1922,61
44.78,572.78,13.320465,1.489903,0.789856,4.095853,12.9003,43
44.74,143.15,3.181111,1.220849,0.336903,3.456867,8.0213,45
44.55,1048.68,10.281176,1.239375,0.68182,2.479064,24.2688,102
44.37,71.15,0.837059,1.092679,0.257603,1.410801,5.3327,85
44.35,207.42,3.576207,1.101498,0.285008,1.158745,12.9743,58
44.27,151.02,2.603793,1.170204,0.484209,3.231828,5.8106,58
43.94,677.94,17.383077,2.03365,2.426153,6.600002,5.4047,39
43.82,57.43,1.025536,1.083176,0.120959,1.736188,8.9167,56
43.6,140.38,2.005429,1.109865,0.306694,2.071924,8.4737,70
43.53,64.25,1.212264,1.079868,0.157785,1.194119,7.8658,53
43.34,393.94,8.563913,1.16109,0.461396,2.124975,14.4772,46
43.33,1406.83,29.308958,1.380733,0.987034,7.944947,22.7305,48
43.31,70.86,1.336981,1.077993,0.155962,1.180166,8.7168,53
43.21,482.87,6.800986,1.177726,0.416803,1.79474,21.0708,71
42.63,1019.85,21.698936,1.217588,0.852881,3.372921,19.8416,47
42.53,47.02,0.723385,1.056533,0.157658,0.721274,5.7798,65
42.29,197.99,1.692222,1.074637,0.324792,0.689331,11.2922,117
42.21,218.9,5.090698,1.355127,0.714542,3.936508,5.9028,43
42.01,147.69,2.840192,1.133138,0.22211,1.147054,12.4504,52
41.91,245.16,2.694066,1.077808,0.290219,0.934839,15.0301,91
41.9,92.98,0.762131,1.059203,0.227246,0.520163,7.6548,122
41.42,2778.39,47.091356,1.28042,0.490287,2.628453,61.6882,59
41.34,69.02,1.061846,1.045702,0.103309,0.661649,12.3818,65
41.25,66.82,0.674949,1.035193,0.104076,0.562973,12.0635,99
41.18,69.91,0.759891,1.036414,0.152969,0.330002,8.5465,92
40.9,66.76,0.606909,1.030814,0.109124,0.363302,11.0398,110
40.6,45.16,0.485591,1.027581,0.067699,0.334762,12.0332,93
40.54,130.7,2.667347,1.268847,0.62105,5.013905,4.0737,49
40.37,14.43,0.203239,1.011876,0.04029,0.116272,7.0348,71
40.36,75.18,1.274237,1.055553,0.115039,0.552554,12.3008,59
40.23,-53.8,-0.648193,0.936851,-0.178803,-0.689042,5.8654,83
40.2,28.38,0.341928,1.019974,0.04558,0.405951,11.5528,83
40.15,81.33,1.534528,1.061365,0.12043,0.91948,12.7775,53
40.1,278.34,6.473023,1.249328,0.537149,3.044937,9.6686,43
40.06,234.36,2.3436,1.132169,0.245064,3.535395,17.321,100
40.01,240.54,5.593953,1.256065,0.403875,3.114011,10.9016,43
39.98,-79.4,-1.102778,0.942787,-0.206502,-1.108078,7.5153,72
39.88,-137.71,-1.263394,0.909641,-0.287153,-0.908398,9.3885,109
39.87,271.17,2.684851,1.116884,0.250965,1.33785,19.2541,101
39.83,976.28,7.074493,1.219725,0.525212,2.143011,28.8371,138
39.71,-136.85,-1.382323,0.908179,-0.234569,-1.329045,10.8791,99
39.7,-28.76,-0.316044,0.982827,-0.043211,-0.189689,12.3367,91
39.68,-204.03,-1.924811,0.896183,-0.363185,-1.216721,10.6258,106
39.66,-144.72,-2.067429,0.859268,-0.273314,-2.195694,10.2301,70
39.6,-121.8,-1.933333,0.854836,-0.307149,-2.014281,7.6197,63
39.48,-213,-3.380952,0.765173,-0.483158,-3.713381,8.4623,63
39.46,65.7,1.263462,1.075569,0.183238,0.859548,6.8802,52
39.45,-144.35,-1.458081,0.911065,-0.223017,-1.151177,11.913,99
39.44,1440.09,14.118529,1.209597,0.574659,2.174623,35.4967,102
39.42,-121.26,-1.809851,0.907141,-0.192733,-0.921912,11.491,67
39.27,-90.6,-1.294286,0.936933,-0.140428,-1.228912,12.3357,70
39.26,-291.03,-4.279853,0.834761,-0.486697,-1.744677,11.7343,68
39.25,-280.37,-4.450317,0.748389,-0.514082,-4.062874,10.402,63
39.2,-12.29,-0.204833,0.984674,-0.037298,-0.281518,6.3222,60
39.19,208.14,1.3876,1.061119,0.209129,1.030841,17.6983,150
39.17,-174.98,-2.464507,0.880342,-0.278617,-1.82555,11.681,71
39.17,-362.26,-3.323486,0.801648,-0.568501,-2.026652,12.391,109
39.02,-64.75,-0.809375,0.958691,-0.096234,-1.148359,12.655,80
38.93,-295.2,-2.419672,0.792806,-0.428447,-4.34997,12.8258,122
38.91,-247.27,-2.809886,0.865719,-0.381737,-2.266386,12.1238,88
38.89,-324.04,-5.143492,0.749913,-0.511467,-4.045183,11.9902,63
38.89,-268.7,-3.48961,0.773124,-0.398074,-2.969773,12.7855,77
38.88,-154.74,-2.667931,0.844476,-0.348129,-1.635693,8.4425,58
38.8,-297.68,-3.235652,0.789697,-0.414764,-3.692705,13.2996,92
38.79,1051.37,10.409604,1.202488,0.467587,2.292361,34.6756,101
38.76,-55.51,-0.97386,0.947269,-0.136335,-0.569803,7.7268,57
38.75,-359.6,-5.993333,0.706065,-0.611617,-4.364248,11.26,60
38.7,-30.79,-0.370964,0.981249,-0.068371,-0.302091,8.3268,83
38.45,-268.38,-4.066364,0.795861,-0.401905,-2.398818,13.1333,66
38.44,-521.35,-8.275397,0.624952,-0.802756,-5,12.7934,63
38.4,-298.6,-5.061017,0.700261,-0.518133,-5,11.2836,59
38.38,-350.28,-5.004,0.767093,-0.478996,-4.413302,13.8933,70
38.37,-316.08,-5.545263,0.701072,-0.597482,-5,10.1911,57
38.33,56.49,1.1298,1.061537,0.129805,0.854325,8.34,50
38.22,-24.36,-0.29,0.991935,-0.030251,-0.082459,15.036,84
38.11,-415.87,-5.696849,0.660245,-0.580565,-5,13.5978,73
38.07,-200.74,-2.641316,0.888489,-0.254588,-1.51956,14.2989,76
38.02,-387.55,-4.96859,0.778828,-0.498399,-2.547363,14.4264,78
38.02,-361.9,-6.239655,0.641538,-0.567882,-5,12.204,58
37.94,40.03,0.784902,1.047181,0.066592,0.70482,11.3429,51
37.86,-151.5,-1.782353,0.925295,-0.19122,-1.235201,14.4075,85
37.85,73.54,1.500816,1.079099,0.189517,0.932136,7.4049,49
37.74,-132.13,-1.651625,0.928532,-0.215684,-1.107987,11.2931,80
37.74,-184.42,-2.634571,0.873478,-0.244453,-4.313909,14.2567,70
37.72,6.4,0.120755,1.005476,0.012001,0.053337,9.8115,53
37.69,21.44,0.412308,1.024197,0.059055,0.263,7.0989,52
37.62,2.77,0.032976,1.001082,0.003156,0.008357,15.7044,84
37.61,-140.95,-2.562727,0.839205,-0.261702,-1.343624,10.0688,55
37.49,127.17,2.595306,1.081886,0.195361,0.961341,12.0339,49
37.44,-340.25,-6.300926,0.584833,-0.700968,-5,9.4971,54
37.4,-290.63,-4.337761,0.810595,-0.382519,-2.319547,15.1689,67
37.38,-278.44,-4.490968,0.677851,-0.667946,-5,8.2744,62
37.36,-362.17,-6.24431,0.769641,-0.52586,-4.05502,13.1075,58
37.36,-375.23,-3.7523,0.797744,-0.469566,-2.404946,15.3712,100
37.17,-194.19,-2.133956,0.91822,-0.24659,-0.883143,14.7916,91
37.13,-400.86,-4.357174,0.777003,-0.576147,-2.86837,13.352,92
37.09,-523.86,-6.021379,0.779023,-0.682678,-3.615139,15.314,87
37.06,-294.86,-5.083793,0.831612,-0.370865,-1.816727,14.5736,58
37,-331.67,-4.252179,0.797144,-0.395731,-3.676263,15.7362,78
36.96,-176.82,-3.274444,0.715678,-0.668406,-5,5.2526,54
36.92,46.97,0.9394,1.043042,0.091165,0.602797,9.8146,50
36.89,109.48,1.459733,1.076605,0.115102,2.059938,16.675,75
36.85,7523.7,192.915385,2.478212,2.932096,5.213336,25.0983,39
36.83,32.97,0.686875,1.055779,0.094597,1.390507,6.7458,48
36.75,76.5,1.366071,1.096591,0.242027,1.630235,6.0739,56
36.5,-353.37,-6.424909,0.714072,-0.483777,-4.569897,13.8835,55
36.25,-289.15,-4.740164,0.795756,-0.336471,-3.414823,15.9425,61
36.24,-340.44,-3.868636,0.697516,-0.596635,-5,11.0558,88
36.19,-174.26,-3.287925,0.795484,-0.432396,-2.431361,7.7076,53
36.15,3614.22,34.421143,1.16404,0.478102,1.873618,67.7266,105
36.13,-554.85,-5.044091,0.652193,-0.671593,-4.685927,15.9625,110
35.93,74.98,1.119104,1.032651,0.080383,0.41698,17.2185,67
35.81,-171.45,-2.765323,0.918264,-0.206988,-0.934711,16.2761,62
35.73,-537.53,-9.954259,0.557045,-0.739931,-5,14.1102,54
35.58,163.91,3.642444,1.096749,0.218585,1.428116,13.2946,45
35.48,3383.26,35.992128,1.219959,0.474212,1.750587,69.9861,94
35.38,-404.46,-7.778077,0.618484,-0.665581,-5,11.816,52
35.36,-98.89,-1.93902,0.910656,-0.163142,-1.509322,11.842,51
35.05,-373.5,-7.323529,0.5814,-0.584672,-4.102957,12.3172,51
35.04,-174.6,-3.423529,0.745703,-0.410582,-3.788669,8.2841,51
35.01,-138.01,-2.190635,0.916471,-0.148516,-1.058344,16.5495,63
34.99,-239.57,-1.787836,0.902079,-0.257533,-1.374374,17.3857,134
34.88,-557.13,-10.714038,0.552628,-0.753021,-5,14.4573,52
34.82,-249.81,-4.1635,0.844512,-0.302426,-2.563783,15.4321,60
34.79,-263,-3.246914,0.848386,-0.265936,-2.027915,17.4746,81
34.79,-113.67,-2.2734,0.877034,-0.187386,-1.418856,11.6489,50
34.77,-29.72,-0.294257,0.990809,-0.029895,-0.144208,17.4767,101
34.76,67.26,1.159655,1.069397,0.137403,1.590506,8.8093,58
34.74,46.3,0.492553,1.046617,0.111005,0.731052,8.0211,94
34.65,-22.31,-0.455306,0.961258,-0.081139,-0.394048,5.4114,49
34.6,-56.66,-0.365548,0.983845,-0.055266,-0.149098,17.8699,155
34.57,-202.24,-2.324598,0.857555,-0.21055,-1.423809,17.6298,87
34.56,-396.11,-4.001111,0.781849,-0.457994,-3.507207,15.9307,99
34.48,53.04,1.04,1.042074,0.058944,0.624727,16.5725,51
34.46,-642.23,-6.116476,0.592245,-0.715481,-5,17.4898,105
34.38,-43.5,-0.887755,0.948509,-0.087836,-0.48407,9.793,49
34.33,-371.91,-4.375412,0.696996,-0.695471,-3.766457,10.3706,85
34.31,115.37,2.508043,1.086872,0.239506,0.979346,8.6063,46
34.28,-587.48,-7.078072,0.729982,-0.624182,-4.457669,17.5803,83
34.23,131.42,2.920444,1.127174,0.16647,1.306318,14.1131,45
34.23,-547.7,-6.84625,0.640419,-0.578701,-4.078874,17.7542,80
34.05,-237.35,-2.966875,0.873349,-0.306262,-2.661566,14.2111,80
34.03,-298.18,-5.626038,0.71647,-0.378584,-4.674953,15.069,53
33.99,-256.36,-2.441524,0.841468,-0.507523,-2.019326,9.9251,105
33.98,-589.24,-9.820667,0.581378,-0.628892,-5,17.5206,60
33.94,82.12,1.824889,1.079977,0.179867,1.166625,8.4733,45
33.82,8.92,0.143871,1.003813,0.009613,0.050783,16.9854,62
33.81,-429.38,-6.408657,0.684384,-0.460298,-3.776741,17.9308,67
33.79,-176.04,-2.934,0.815715,-0.36813,-3.112623,9.2915,60
33.67,-729.77,-13.769245,0.497988,-0.886493,-5,16.3995,53
33.62,-3.37,-0.070208,0.996429,-0.009794,-0.036156,6.7178,48
33.5,3120.71,32.507396,1.189278,0.768016,1.585433,52.1683,96
33.44,2.57,0.053542,1.002095,0.004221,0.025268,11.4324,48
33.33,-553.13,-10.637115,0.611637,-0.682068,-5,15.6332,52
33.24,-434.88,-6.795,0.675242,-0.443063,-5,18.1918,64
33.12,-311.76,-5.028387,0.742262,-0.476916,-5,12.7282,62
33.11,-611.52,-6.24,0.667406,-0.627078,-5,18.4029,98
33.09,-334.72,-6.085818,0.684104,-0.38395,-2.981448,16.6465,55
33.06,-96.46,-1.439701,0.930516,-0.114539,-1.506265,15.0445,67
33.04,-102.23,-2.129792,0.894831,-0.187101,-1.974361,10.1698,48
32.87,-262.2,-5.4625,0.651492,-0.459396,-5,11.0142,48
32.79,-617.45,-10.122131,0.564833,-0.647154,-5,18.3078,61
32.77,-500.18,-5.265053,0.686451,-0.702145,-5,14.0769,95
32.75,-615.02,-10.424068,0.490764,-0.659978,-5,17.9721,59
32.72,129.6,1.234286,1.060031,0.116938,0.582044,19.7597,105
32.67,-140.65,-2.930208,0.866286,-0.27857,-1.778261,9.8732,48
32.62,-338.4,-6.635294,0.698458,-0.399934,-5,16.2139,51
32.61,2905.04,35.000482,1.151037,0.491512,1.584082,55.7136,83
32.4,-409.38,-5.532162,0.789064,-0.410501,-1.879367,18.8056,74
32.38,-20.27,-0.285493,0.994863,-0.018237,-0.064014,19.1222,71
32.07,-178.68,-1.7868,0.925289,-0.167289,-1.076076,18.9375,100
32.06,-403.76,-5.686761,0.676607,-0.395258,-5,18.9447,71
31.85,-392.06,-3.409217,0.78369,-0.627396,-2.137873,12.4185,115
31.61,-261.52,-2.905778,0.812051,-0.476045,-3.872621,10.748,90
31.6,-547.85,-10.336792,0.607673,-0.587999,-4.448,17.9269,53
31.58,-37.4,-0.456098,0.972514,-0.056045,-0.320259,12.4116,82
31.52,-100.18,-2.131489,0.846677,-0.337079,-3.24059,5.793,47
31.41,47.22,0.814138,1.057913,0.113923,1.327181,7.589,58
31.4,-757.9,-10.105333,0.577529,-0.847052,-5,17.4183,75
31.25,-287.22,-4.286866,0.873979,-0.260581,-1.710123,19.2925,67
31.11,-424.15,-9.024468,0.678253,-0.608458,-5,13.2201,47
31.04,-713.44,-7.754783,0.499604,-0.699842,-5,19.4654,92
31.01,-299.68,-3.891948,0.837079,-0.280041,-1.89735,19.5144,77
30.95,1671.57,46.4325,2.824539,3.725694,7.759955,7.3072,36
30.92,-191.43,-3.545,0.88646,-0.179507,-1.321259,18.6693,54
30.8,172.27,3.828222,1.125101,0.16531,1.29566,18.0503,45
30.76,-706.04,-9.051795,0.608966,-0.691843,-5,19.6164,78
30.73,-113.15,-2.459783,0.843358,-0.275003,-1.741239,7.8842,46
30.69,21.12,0.257561,1.008703,0.019509,0.098402,19.4712,82
30.68,-480.37,-9.803469,0.632497,-0.607971,-5,15.0631,49
30.58,-276.27,-4.763276,0.736886,-0.462733,-5,11.4843,58
30.54,-65.75,-1.429348,0.944224,-0.203076,-1.026471,6.1576,46
30.47,-231.8,-4.931915,0.818361,-0.324914,-2.357853,13.4471,47
30.44,7.39,0.139434,1.005239,0.006927,0.073373,19.0799,53
30.42,-258.36,-5.3825,0.846514,-0.317411,-2.055604,15.6841,48
30.41,-422.19,-5.086627,0.80049,-0.388718,-2.936274,19.629,83
30.34,-446.23,-6.28493,0.779975,-0.437189,-2.97028,19.4934,71
30.24,-624.84,-10.590508,0.437542,-0.660158,-5,18.2371,59
30.21,-718.89,-6.846571,0.598354,-0.704138,-5,19.8078,105
30.1,40.38,0.453708,1.044867,0.112844,1.019216,6.8807,89
29.85,4061.67,104.145385,1.589275,1.872065,8.320968,27.0676,39
29.76,9.15,0.203333,1.008901,0.020061,0.082531,8.4063,45
29.55,-641.27,-10.512623,0.58268,-0.609856,-5,20.0145,61
29.15,-304.49,-2.416587,0.901321,-0.283825,-1.414318,20.2039,126
29.09,1296.08,23.565091,1.131296,0.24096,1.454073,63.3608,55
29.01,-295.26,-2.982424,0.862284,-0.268584,-3.0522,19.7883,99
28.97,-529.23,-6.226235,0.852296,-0.512651,-2.526274,20.5237,85
28.92,1996.38,31.193437,1.182296,0.333759,3.567823,55.8983,64
28.87,-187.74,-4.081304,0.771903,-0.503405,-4.094876,7.2138,46
28.68,44.7,0.438235,1.041345,0.104991,0.729866,8.0898,102
28.63,55,0.528846,1.053871,0.159536,0.985419,6.5265,104
28.59,1700.77,25.769242,1.096586,0.306321,1.333054,54.859,66
28.49,41.27,0.711552,1.041719,0.069456,1.106806,10.9053,58
28.28,219.21,5.219286,1.280963,0.513613,6.322241,7.7967,42
28.18,-226.21,-2.758659,0.905029,-0.195318,-1.100947,21.0283,82
28.15,-219.24,-2.108077,0.921142,-0.183199,-1.080513,20.9488,104
28.15,95.35,2.270238,1.212148,0.518066,3.962167,3.5306,42
28.12,-122.92,-2.195,0.849696,-0.313292,-4.161158,7.4996,56
28.06,-285.76,-5.7152,0.69841,-0.685769,-4.074402,8.2791,50
28.06,-535.57,-11.157708,0.820422,-0.544943,-2.598124,18.0422,48
27.94,925.87,8.81781,1.133458,0.33901,2.755039,34.9136,105
27.91,-248.64,-4.286897,0.880712,-0.219954,-1.50113,20.7421,58
27.91,-700.11,-7.14398,0.642593,-0.631304,-5,21.0371,98
27.9,-6.72,-0.087273,0.995909,-0.014307,-0.052528,9.0225,77
27.89,-486.18,-7.149706,0.645977,-0.427588,-5,21.0359,68
27.83,-105.77,-1.448904,0.951279,-0.087239,-0.630249,21.047,73
27.82,-336.24,-6.7248,0.826631,-0.310838,-2.5917,19.2483,50
27.79,-184.59,-3.29625,0.843208,-0.324132,-4.379311,10.6828,56
27.74,-558.46,-6.41908,0.701452,-0.484631,-4.625464,21.0108,87
27.72,46,0.589744,1.030577,0.064125,1.00998,12.8568,78
27.66,4369.49,112.038205,1.707274,1.372806,4.975646,35.6788,39
27.6,238.63,6.118718,1.252593,0.498756,2.521478,9.0953,39
27.52,-0.36,-0.006667,0.999784,-0.000562,-0.005181,11.9316,54
27.39,-7.85,-0.170652,0.995606,-0.014629,-0.101762,9.802,46
27.25,-71.58,-1.154516,0.911689,-0.22467,-1.848714,6.3118,62
27.18,-585.74,-5.006325,0.67222,-0.531038,-3.920451,20.8642,117
27.13,-265.3,-5.644681,0.844819,-0.275932,-1.977459,17.6054,47
27.04,19.99,0.224607,1.022726,0.056054,0.524897,6.8572,89
26.87,1154.44,32.984,2.387431,3.823155,12.637059,5.1507,35
26.85,262.29,6.902368,1.382659,0.932786,5.428742,5.4193,38
26.72,162.88,3.972683,1.175991,0.612538,3.12651,5.1511,41
26.62,-156.45,-3.192857,0.907646,-0.155658,-0.871818,19.6168,49
26.59,-679.71,-5.809487,0.78676,-0.621301,-2.935543,20.6907,117
26.49,474.91,8.960566,1.089717,0.210131,1.30942,33.4572,53
26.42,405,10.657895,1.377612,0.744458,4.291409,10.1687,38
26.41,-503.22,-10.0644,0.675258,-0.53538,-4.957505,17.3203,50
26.37,-12.68,-0.114234,0.995774,-0.00997,-0.046652,22.3339,111
26.05,-360.24,-7.505,0.609961,-0.597611,-5,11.7721,48
25.98,-15.12,-0.21,0.981125,-0.06517,-0.380721,4.5387,72
25.96,-215.33,-3.364531,0.90505,-0.170675,-1.309541,22.1354,64
25.9,-187.8,-4.268182,0.821092,-0.371822,-2.401481,9.8428,44
25.78,5.85,0.106364,1.007501,0.0147,0.131266,7.5306,55
25.78,-116.97,-1.856667,0.95237,-0.090418,-0.520945,22.3224,63
25.77,23.55,0.301923,1.019007,0.039626,0.628342,10.8633,78
25.69,-354.22,-5.713226,0.876083,-0.283104,-1.312412,22.2023,62
25.6,495.28,4.233162,1.075631,0.334384,0.700762,24.7002,117
25.6,-120.29,-2.797442,0.892754,-0.217652,-1.676525,10.5602,43
25.54,-576.1,-12.523913,0.62883,-0.597645,-5,18.0687,46
25.52,-541.74,-9.340345,0.401101,-0.847555,-5,12.6586,58
25.34,-903.63,-14.119219,0.642458,-0.766191,-4.746951,22.4063,64
25.31,-181.37,-4.217907,0.780312,-0.366945,-5,9.4688,43
25.3,-64.19,-0.578288,0.975207,-0.066603,-0.412505,17.2982,111
25.27,111.55,2.478889,1.046594,0.103109,0.546381,18.7313,45
25.11,-250.98,-3.53493,0.775083,-0.778377,-4.363849,6.3579,71
25.08,-43.78,-0.810741,0.98447,-0.034168,-0.479136,21.1815,54
25.01,196.78,5.178421,1.266824,0.372802,4.229769,9.9795,38
24.96,-237.05,-4.31,0.850162,-0.193765,-2.015584,22.0849,55
24.94,24.21,0.244545,1.011922,0.047043,0.259217,9.9054,99
24.83,775.27,7.675941,1.091062,0.195106,1.036223,53.6761,101
24.82,-397.13,-5.840147,0.820025,-0.301436,-2.243428,22.8516,68
24.78,-107.75,-1.267647,0.910319,-0.264398,-1.889249,7.7387,85
24.7,1289.58,15.920741,1.102157,0.23881,0.953519,72.2192,81
24.69,-344.67,-5.222273,0.83005,-0.407099,-3.743275,15.6243,66
24.55,-157.08,-2.0944,0.944186,-0.127967,-0.589097,23.2751,75
24.41,-207,-3.393443,0.75727,-0.6531,-4.746423,6.2488,61
24.41,13.42,0.319524,1.011686,0.029442,0.128735,8.5517,42
24.25,-62.22,-1.072759,0.963114,-0.117359,-0.587812,10.471,58
24.25,-27.72,-0.326118,0.97047,-0.069645,-0.734634,7.7192,85
24.18,-133.91,-1.65321,0.84396,-0.264237,-2.81793,9.843,81
24.12,-35.01,-0.411882,0.961864,-0.070141,-0.746888,9.3704,85
24.07,-122.19,-1.163714,0.901672,-0.250852,-2.368353,9.2531,105
24.06,-140.57,-1.326132,0.91557,-0.210016,-1.541519,12.3995,106
23.99,-568.11,-5.6811,0.777276,-0.46861,-3.270803,22.5853,100
23.99,-56.49,-0.869077,0.891649,-0.217111,-4.9389,5.0696,65
23.96,-171.22,-1.542523,0.66712,-0.557175,-5,5.9903,111
23.93,-1.89,-0.033158,0.998406,-0.002974,-0.025037,11.6573,57
23.91,-604.83,-9.305077,0.686719,-0.471312,-5,23.4301,65
23.9,-133.39,-2.052154,0.788424,-0.36897,-4.375132,7.0159,65
23.9,-268.14,-2.979333,0.413517,-0.754134,-5,6.989,90
23.88,330.12,8.687368,1.271529,0.377,4.282285,15.9205,38
23.83,-311.15,-3.382065,0.583294,-0.734711,-5,8.3221,92
23.83,-88.78,-0.837547,0.949202,-0.141475,-0.908427,11.8605,106
23.82,406.09,5.719577,1.057301,0.204193,0.732515,27.6631,71
23.81,-187.9,-1.937113,0.86592,-0.360777,-2.827079,9.8641,97
23.81,-172.34,-4.103333,0.781136,-0.342135,-2.428744,9.6959,42
23.8,-98.18,-2.231364,0.952755,-0.138817,-0.973536,13.1803,44
23.73,-276.2,-3.211628,0.615679,-0.563846,-5,9.5335,86
23.71,-655.81,-14.256739,0.735645,-0.628791,-5,19.3603,46
23.7,-329.35,-3.541398,0.513803,-0.667241,-5,9.6479,93
23.69,-868.54,-9.869773,0.562955,-0.694277,-5,23.7221,88
23.65,-654.34,-7.789762,0.73916,-0.495678,-3.424881,23.7833,84
23.62,-374.94,-3.260348,0.55492,-0.719903,-5,10.2505,115
23.62,-254.79,-4.109516,0.754462,-0.402696,-4.789134,11.9659,62
23.62,-332.36,-5.193125,0.563282,-0.764327,-5,8.5856,64
23.61,-211.35,-3.408871,0.568981,-0.56914,-5,7.295,62
23.53,435.47,3.598926,1.071225,0.199836,0.802306,33.9071,121
23.53,-397.52,-3.340504,0.623446,-0.71651,-5,10.8436,119
23.45,-124.38,-2.261455,0.799961,-0.438637,-5,5.4962,55
23.43,-401.55,-6.37381,0.603721,-0.770655,-5,10.2497,63
23.41,-135.48,-2.508889,0.797616,-0.736945,-4.58026,3.669,54
23.39,-360.89,-4.196395,0.575588,-0.610302,-5,11.4526,86
23.39,-28.26,-0.487241,0.979267,-0.047419,-0.34191,11.8566,58
23.35,-557.74,-9.295667,0.670948,-0.513001,-4.924291,20.4187,60
23.34,-127.68,-2.455385,0.841135,-0.344895,-2.370391,7.279,52
23.29,-405.55,-3.653604,0.769851,-0.52647,-3.997512,14.7534,111
23.22,-429.36,-4.770667,0.698819,-0.690434,-5,12.3477,90
23.22,-118.23,-2.074211,0.607848,-0.622788,-5,3.7956,57
23.19,-337.02,-4.160741,0.637379,-0.540356,-5,12.1782,81
23.13,-515.87,-6.448375,0.44642,-0.830842,-5,12.2655,80
23.08,917.26,8.992745,1.078395,0.208373,0.731072,58.782,102
23.04,-478.92,-4.561143,0.50254,-0.736551,-5,12.5736,105
23,-208.68,-3.726429,0.593264,-0.663614,-5,6.2718,56
22.98,-189.55,-3.384821,0.518786,-0.542579,-5,6.7982,56
22.92,-309.92,-5.534286,0.509682,-0.775576,-5,7.9287,56
22.8,-351.9,-6.067241,0.651805,-0.588029,-5,11.5059,58
22.79,-583.69,-6.70908,0.493391,-0.874219,-5,13.1658,87
22.76,-536.7,-9.253448,0.52702,-0.816224,-5,12.9447,58
22.76,779.47,15.5894,1.137913,0.468538,2.53097,27.2468,50
22.74,-142.74,-2.643333,0.806018,-0.539578,-4.227469,5.2065,54
22.73,-158.83,-2.941296,0.778979,-0.630803,-5,4.9915,54
22.71,-759.13,-12.049683,0.630077,-0.583166,-5,24.4313,63
22.63,-125.75,-2.328704,0.674012,-0.517064,-5,4.7685,54
22.62,752.21,13.929815,1.0955,0.213827,1.81027,39.4731,54
22.57,-212.1,-3.927778,0.499882,-0.681774,-5,6.1149,54
22.49,131.63,1.446484,1.029756,0.099866,0.430807,22.8533,91
22.47,-244.59,-3.135769,0.844717,-0.32736,-2.628149,14.2304,78
22.46,-45.4,-0.856604,0.864901,-0.240913,-3.39149,3.6999,53
22.35,531.74,4.878349,1.095943,0.169302,2.220931,41.0093,109
22.34,-445.44,-3.807179,0.567643,-0.599645,-5,14.0227,117
22.27,-536.96,-5.836522,0.578726,-0.736348,-5,14.1451,92
22.24,-598.59,-4.569389,0.409715,-0.824061,-5,14.1657,131
22.16,-422.87,-9.610682,0.74209,-0.429371,-4.071308,17.707,44
22.14,-218.02,-2.271042,0.880445,-0.262763,-2.311207,15.5216,96
22.1,-316.3,-2.571545,0.901206,-0.253496,-1.409114,22.2504,123
22.08,444.9,3.67686,1.04726,0.129708,0.54488,47.3799,121
21.95,-470.78,-6.035641,0.494182,-0.617344,-5,14.5805,78
21.95,-270.6,-5.203846,0.280415,-0.957198,-5,5.6404,52
21.94,-179.02,-2.521408,0.945214,-0.114401,-0.716648,25.9136,71
21.92,-485.65,-8.672321,0.607079,-0.688562,-5,13.9691,56
21.92,-317.9,-3.211111,0.828528,-0.383659,-4.472969,15.17,99
21.89,-149.77,-1.313772,0.946802,-0.178589,-1.153579,15.3909,114
21.87,-69.17,-0.623153,0.980836,-0.044548,-0.213613,26.6645,111
21.8,-453.07,-7.551167,0.748747,-0.436265,-3.775034,18.612,60
21.7,-677.21,-13.820612,0.672283,-0.583726,-3.854022,22.467,49
21.65,-390.04,-2.910746,0.900025,-0.26418,-1.41649,26.3451,134
21.6,423.21,6.223676,1.046156,0.087837,0.422922,61.4098,68
21.59,-667.86,-7.676552,0.493789,-0.874002,-5,15.0379,87
21.58,-113,-2.215686,0.843049,-0.275569,-4.42283,8.072,51
21.54,214.44,5.956667,1.425594,1.141853,3.723943,3.5616,36
21.53,-267.54,-5.245882,0.567794,-0.775254,-5,6.7966,51
21.53,-57.18,-1.1436,0.91219,-0.189313,-2.405221,5.8368,50
21.47,-209.42,-4.106275,0.734117,-0.4583,-5,8.7203,51
21.44,-419.1,-4.930588,0.553479,-0.509389,-5,15.2258,85
21.4,-369.2,-7.239216,0.426753,-0.769006,-5,9.3936,51
21.38,-102.01,-2.488049,0.923062,-0.139172,-0.942833,13.498,41
21.36,-846.17,-15.384909,0.485326,-0.727932,-5,21.8656,55
21.3,-30.7,-0.614,0.904466,-0.171941,-2.308053,3.5023,50
21.23,-758.52,-14.046667,0.64338,-0.576532,-5,24.7816,54
21.14,-603.01,-7.831299,0.575701,-0.709499,-5,16.3189,77
21.14,-63.86,-1.388261,0.957473,-0.085476,-1.066532,13.8101,46
21.13,-376.62,-3.621346,0.897467,-0.239321,-1.376272,27.4121,104
21.13,-516.11,-12.588049,0.574676,-0.717637,-5,13.8222,41
21.08,355.99,3.490098,1.013689,0.043793,0.252116,68.869,102
20.98,-123.82,-1.876061,0.959994,-0.072867,-0.701712,28.2363,66
20.96,-338.69,-3.491649,0.895066,-0.213492,-1.044443,26.8613,97
20.94,-358.95,-7.179,0.390939,-0.787447,-5,8.9435,50
20.87,80.21,1.083919,1.011082,0.019102,0.159829,54.0236,74
20.8,111.06,0.941186,1.013367,0.050392,0.1252,39.8341,118
20.77,-929.19,-7.679256,0.725707,-0.619671,-2.883682,28.0941,121
20.77,-195.44,-2.326667,0.916788,-0.15959,-1.570964,21.7337,84
20.74,-85.08,-0.654462,0.996891,-0.007182,-0.044201,82.9498,130
20.71,-51.06,-0.615181,0.994869,-0.010965,-0.072481,60.6036,83
20.68,-121.62,-1.501481,0.990188,-0.034974,-0.074477,56.6711,81
20.59,-111.9,-2.283673,0.538652,-0.609145,-5,3.661,49
20.59,-131.22,-2.677959,0.6489,-0.526861,-5,4.8665,49
20.57,-117.78,-2.403673,0.720569,-0.348606,-5,6.5453,49
20.57,-389.2,-3.931313,0.869772,-0.236146,-1.724397,27.631,99
20.53,-268.39,-2.885914,0.974309,-0.088175,-0.247363,53.6837,93
20.52,-718.39,-13.554528,0.681661,-0.523574,-4.724553,24.2689,53
20.5,-63.27,-1.004286,0.984671,-0.029891,-0.166778,32.9468,63
20.5,363.92,2.821085,1.01129,0.038757,0.209124,72.5036,129
20.45,-497.77,-9.217963,0.746018,-0.57551,-3.206555,16.4827,54
20.4,-230.62,-2.620682,0.969791,-0.07845,-0.283805,45.6802,88
20.35,-294.35,-3.131383,0.889512,-0.24,-1.422055,21.8382,94
20.31,-424.16,-5.172683,0.92679,-0.208077,-1.116199,33.986,82
20.29,-916.58,-14.101231,0.692147,-0.54443,-5,29.557,65
20.28,-1184.13,-12.597128,0.909986,-0.129414,-0.70078,90.1786,94
20.22,-110.26,-2.080377,0.958268,-0.074992,-0.527267,26.58,53
20.21,-2094.49,-19.75934,0.898376,-0.201253,-1.224487,87.0683,106
20.2,-657.38,-8.016829,0.90249,-0.209895,-1.097496,45.9775,82
20.2,-1211.63,-13.768523,0.559972,-0.710859,-5,31.7094,88
20.19,-293.45,-4.446212,0.938318,-0.110742,-1.119226,40.1292,66
20.18,-2388.66,-16.821549,0.877907,-0.213688,-1.806469,91.2916,142
20.18,-2425.53,-18.657923,0.882191,-0.249512,-2.08377,85.1514,130
20.16,-1519.24,-18.9905,0.868506,-0.214686,-2.358141,75.164,80
20.15,-624.64,-6.123922,0.891072,-0.209208,-1.523223,44.6224,102
20.13,-1085.4,-7.333784,0.812175,-0.515649,-2.640104,35.5692,148
20.12,-759.68,-8.833488,0.918851,-0.153293,-0.874818,70.0561,86
20.11,-1200.91,-12.641158,0.820952,-0.32997,-2.424726,50.8336,95
20.1,-1018.09,-7.541407,0.817311,-0.348493,-2.902948,44.5254,135
20.1,-1356.25,-11.89693,0.810807,-0.388303,-3.145888,55.1645,114
20.06,-1183.49,-11.602843,0.710027,-0.521826,-2.895236,39.1529,102
20.04,-1820.69,-20.689659,0.686092,-0.45742,-4.595326,60.6653,88
20.04,-1111.77,-13.235357,0.714804,-0.513764,-4.994944,36.6675,84
20.04,-2028.48,-24.148571,0.737848,-0.515828,-3.066682,69.4321,84
20.03,-1417.32,-16.105909,0.578468,-0.675986,-5,38.0107,88
20.03,-2805.76,-30.497391,0.680775,-0.537788,-4.10391,74.3733,92
20.02,-3127.39,-33.99337,0.514637,-0.663128,-5,74.9446,92
20.01,-1762.36,-23.188947,0.602287,-0.608262,-4.763641,52.3256,76
20.01,-2883.3,-23.828926,0.708947,-0.649884,-3.355109,71.9633,121
19.99,-1392.75,-20.481618,0.753124,-0.62892,-2.679757,41.4936,68
19.98,678.18,16.540976,1.159622,0.346178,1.887255,32.1334,41
19.98,-2148.31,-33.050923,0.857338,-0.319829,-2.639318,73.3454,65
19.96,-1775.76,-20.179091,0.749339,-0.506414,-3.912861,54.296,88
19.94,-226.98,-4.72875,0.687717,-0.540506,-5,8.2285,48
19.94,-1072.3,-13.40375,0.830312,-0.335321,-2.714027,46.0461,80
19.9,-95.15,-2.114444,0.948717,-0.07889,-0.68309,21.6136,45
19.9,-985.89,-15.649048,0.656921,-0.525654,-5,34.3692,63
19.88,-827.89,-9.974578,0.781561,-0.392808,-3.356315,34.6467,83
19.87,-2202.01,-30.583472,0.505264,-0.702324,-5,52.8427,72
19.87,-301.4,-6.279167,0.315544,-0.824624,-5,7.2175,48
19.86,-652.73,-5.933909,0.92983,-0.133597,-1.220951,61.9048,110
19.85,-839.92,-14.735439,0.709279,-0.544191,-4.128525,29.3157,57
19.82,-686.23,-11.631017,0.804555,-0.371349,-3.222539,31.7517,59
19.81,-321.05,-5.350833,0.943544,-0.096212,-0.840481,47.7713,60
19.81,-610.26,-11.51434,0.667462,-0.422732,-4.478231,26.7499,53
19.79,-1201.76,-16.462466,0.765844,-0.448956,-3.120028,42.5019,73
19.78,-777.15,-12.9525,0.84509,-0.23202,-2.268907,49.3654,60
19.72,-1179.22,-19.98678,0.439718,-0.72367,-5,30.9726,59
19.72,-282.88,-5.051429,0.962585,-0.111007,-0.200383,48.2852,56
19.71,-2435.22,-22.548333,0.808956,-0.486255,-4.573856,70.6699,108
19.69,-571.43,-5.77202,0.87537,-0.226639,-1.705206,38.6232,99
19.68,-1240.55,-20.336885,0.656216,-0.479219,-5,45.0848,61
19.68,-998.75,-16.927966,0.660254,-0.514944,-5,33.3092,59
19.66,-584.15,-11.453922,0.4358,-0.761574,-5,14.7993,51
19.62,-3496.4,-58.273333,0.535814,-0.763163,-5,75.2903,60
19.59,-65.85,-1.401064,0.810531,-0.377148,-5,3.4177,47
19.52,-1940.49,-32.889661,0.441677,-0.744801,-5,47.1619,59
19.49,-2369.47,-33.849571,0.675041,-0.500895,-5,65.0416,70
19.46,-1676.6,-29.414035,0.809883,-0.300163,-2.733255,72.2255,57
19.41,-1992.8,-17.792857,0.637241,-0.574388,-3.586294,61.9726,112
19.41,154.49,4.175405,1.176135,0.349754,2.698245,8.1968,37
19.38,-3101.28,-53.470345,0.673044,-0.570058,-5,79.7253,58
19.34,145.35,3.092553,1.061734,0.104767,1.960241,23.7753,47
19.28,-416.74,-9.922381,0.731151,-0.443322,-3.882964,17.7543,42
19.24,-692.22,-12.585818,0.896474,-0.212963,-1.544877,52.8368,55
19.13,-881.28,-17.6256,0.575059,-0.617372,-5,25.7378,50
19.09,-863.52,-9.386087,0.87811,-0.358849,-1.804971,36.7785,92
19.08,-2382.61,-19.06088,0.767658,-0.615666,-2.762629,66.4436,125
19.08,-1498.77,-26.294211,0.468499,-0.815426,-5,35.95,57
18.96,-569.08,-4.123768,0.743262,-0.621063,-5,17.322,138
18.85,-834.65,-17.033673,0.647765,-0.848204,-4.876453,19.2216,49
18.82,-343.89,-6.8778,0.890718,-0.21008,-1.492317,26.919,50
18.76,-1105.03,-20.463519,0.775491,-0.508102,-4.878069,39.6801,54
18.74,-1013.16,-16.34129,0.806873,-0.446228,-3.765314,40.6592,62
18.71,-135.3,-3.006667,0.809528,-0.45694,-4.998789,5.7375,45
18.65,-84.3,-1.239706,0.936434,-0.084174,-1.954611,17.6147,68
18.58,-526.18,-4.277886,0.900652,-0.259992,-1.504846,33.2167,123
18.57,-2286.04,-23.091313,0.846601,-0.281989,-4.334393,81.0361,99
18.43,-184.92,-2.719412,0.929035,-0.105004,-1.007305,28.9128,68
18.36,-270.06,-5.87087,0.42982,-0.731038,-5,7.3075,46
18.34,-1176.79,-8.652868,0.721443,-0.667735,-3.606555,33.2907,136
18.3,13.3,0.341026,1.018052,0.036715,0.254954,7.018,39
18.05,-636.14,-12.7228,0.541706,-0.703952,-5,17.1555,50
18.04,-1171.05,-22.961765,0.701202,-0.485313,-3.935576,39.8398,51
18.01,-570.56,-13.584762,0.613615,-0.55259,-4.383861,19.964,42
17.73,-221.6,-5.682051,0.708306,-0.367679,-4.93428,11.5641,39
17.72,-618.44,-13.158298,0.372658,-0.834073,-5,14.5933,47
17.71,-1045.19,-20.9038,0.758264,-0.490962,-3.250883,34.993,50
17.64,-1414.52,-28.2904,0.645388,-0.489604,-5,44.6223,50
17.6,181.29,4.770789,1.103034,0.249004,3.112533,12.4392,38
17.58,-90.43,-2.009556,0.797519,-0.331124,-5,5.2975,45
17.34,-550.45,-11.233673,0.915766,-0.17394,-1.213579,48.9727,49
17.06,224.97,5.112955,1.076982,0.125524,0.927382,27.9611,44
16.94,-564.28,-9.728966,0.659685,-0.578091,-5,18.2662,58
16.59,-632.85,-13.184375,0.873942,-0.221223,-1.34829,50.2736,48
16.54,-158.63,-3.605227,0.373895,-0.698349,-5,4.4816,44
16.5,-550.74,-7.867714,0.762555,-0.529705,-4.54395,19.5014,70
16.47,-412.66,-10.581026,0.714483,-0.494381,-4.161381,15.6935,39
16.38,501.96,15.210909,1.709454,1.487377,4.509535,6.2954,33
16.37,-477.08,-11.927,0.677886,-0.475738,-4.2976,18.6198,40
16.35,-294.56,-6.267234,0.962169,-0.059998,-0.666433,60.4382,47
16.29,-1295.93,-18.513286,0.895866,-0.207776,-1.457033,73.3028,70
16.27,-3269.33,-49.535303,0.570821,-0.527346,-5,81.4967,66
16.22,-1193.29,-17.047,0.598047,-0.651761,-5,33.159,70
16.17,-503.79,-9.688269,0.826436,-0.350129,-5,24.7683,52
16.07,-1950.53,-41.500638,0.698379,-0.464244,-2.548095,69.0982,47
16.05,-29.64,-0.78,0.952322,-0.083888,-0.874602,6.7754,38
16.05,-1775.24,-37.771064,0.738769,-0.363041,-3.215772,70.4829,47
16.04,-25.28,-0.561778,0.989388,-0.016326,-0.136237,26.6435,45
15.93,58.7,1.586486,1.08843,0.181061,1.041113,6.2542,37
15.89,-99.9,-2.323256,0.768975,-0.347309,-5,5.6126,43
15.82,-771.15,-16.76413,0.678978,-0.508661,-5,28.945,46
15.76,-680.89,-15.474773,0.599144,-0.58844,-5,21.3239,44
15.72,363.9,9.576316,1.132339,0.283612,1.802626,23.2768,38
15.61,952,10.021053,1.069375,0.153237,1.492588,59.7431,95
15.51,-1071.13,-22.79,0.811658,-0.41163,-4.223382,42.7021,47
15.16,-446.55,-8.931,0.750308,-0.390361,-3.854518,20.921,50
14.88,-193.66,-2.934242,0.937111,-0.121656,-1.957959,30.158,66
14.76,-467.91,-7.546935,0.84742,-0.258588,-1.401598,30.4952,62
14.63,-2944.58,-65.435111,0.595968,-0.592472,-5,73.2265,45
14.53,-827.97,-14.275345,0.525907,-0.815228,-5,19.7874,58
14.34,128.31,2.983953,1.022713,0.064715,0.341558,27.8819,43
14.09,482.56,12.373333,1.127874,0.237704,1.50754,33.594,39
13.78,-1402.45,-31.873864,0.659408,-0.526586,-5,42.5389,44
13.76,129.66,3.813529,1.191742,0.304024,2.301362,8.301,34
13.73,298.75,9.335938,1.678669,1.461953,7.762802,4.0152,32
13.73,-316.02,-7.707805,0.630334,-0.6268,-5,9.872,41
13.45,-749.92,-6.146885,0.589941,-0.706505,-5,20.2882,122
13.38,85.75,2.45,1.378437,0.447244,8.824067,3.7667,35
13.25,-183.57,-1.423023,0.991053,-0.018844,-0.170771,76.0836,129
13.25,-2204.05,-34.984921,0.829531,-0.273091,-3.191452,78.2127,63
13.19,-160.23,-3.908049,0.669076,-0.493532,-5,6.3827,41
13.14,-1629,-26.704918,0.639469,-0.584116,-5,46.4822,61
12.92,-3672.04,-85.396279,0.490594,-0.686812,-4.570572,86.5407,43
12.82,-698.1,-8.310714,0.676948,-0.615256,-5,21.0593,84
12.56,-596.32,-5.096752,0.617842,-0.540782,-5,20.8215,117
12.35,-172.44,-4.311,0.726624,-0.46325,-5,7.2988,40
12.07,-334.5,-7.964286,0.933725,-0.104421,-1.050697,42.2033,42
12.06,144.23,4.370606,1.184418,0.326882,3.080177,8.3328,33
11.87,-345.28,-9.331892,0.591056,-0.587451,-5,11.5068,37
11.83,-281.79,-5.031964,0.945662,-0.106322,-1.108353,40.6142,56
11.77,-802.88,-11.807059,0.607814,-0.720899,-5,21.8848,68
11.75,-171.71,-4.769722,0.830611,-0.214697,-3.379109,14.7739,36
11.58,-1105.54,-7.132516,0.797461,-0.395426,-2.434846,45.5408,155
11.55,-845.1,-13.630645,0.399177,-0.76594,-5,21.1795,62
11.35,-38.59,-0.94122,0.994859,-0.00785,-0.066447,60.6264,41
11.08,-587.95,-13.065556,0.68402,-0.499643,-5,21.13,45
10.87,-379.8,-9.738462,0.417663,-0.788392,-5,9.4423,39
10.82,-63.78,-1.635385,0.707552,-0.368372,-5,3.4378,39
10.76,-209.76,-5.378462,0.499905,-0.59618,-5,6.8935,39
10.34,156.4,4.8875,1.244375,0.387705,2.684455,7.7819,32
10.14,-491.49,-12.28725,0.92034,-0.207168,-0.830846,34.6411,40
10.08,-174.85,-4.995714,0.840344,-0.217027,-1.581374,15.333,35
10.01,175.9,3.032759,1.028903,0.052039,1.147797,44.8012,58
9.94,-392.84,-10.912222,0.699998,-0.385568,-5,18.9709,36
9.67,-37.03,-0.974474,0.813798,-0.267577,-5,2.745,38
9.56,-329.82,-8.679474,0.161659,-0.772937,-5,8.372,38
9.46,-219.85,-5.637179,0.768689,-0.265728,-5,15.7456,39
9.39,-2926.57,-33.638736,0.702513,-0.556228,-5,75.5211,87
9.38,-411.38,-10.825789,0.537822,-0.640799,-5,12.327,38
9.31,373.07,11.305152,1.171419,0.515575,3.926141,12.2709,33
9.1,-820.46,-21.591053,0.530304,-0.603946,-5,24.6877,38
8.82,-696.02,-19.333889,0.739799,-0.650583,-3.390803,20.5277,36
8.63,640.19,19.399697,1.333643,0.449587,2.075738,24.6658,33
8.6,-1451.42,-16.876977,0.597626,-0.825266,-5,34.9674,86
8.58,-358.15,-9.67973,0.394915,-0.928933,-5,7.669,37
8.5,-2716.99,-69.66641,0.623021,-0.465629,-5,74.0118,39
7.91,-144.4,-4.375758,0.658548,-0.452452,-3.268522,6.1755,33
7.87,-938.8,-6.565035,0.66682,-0.737517,-5,24.5497,143
7.83,-287.71,-8.462059,0.804356,-0.298557,-2.985809,18.0159,34
7.59,-1183.82,-15.784267,0.562494,-0.697978,-5,31.0735,75
7.42,-228.98,-6.360556,0.331913,-0.752432,-5,6.0698,36
7.42,-988.95,-11.238068,0.858597,-0.421106,-2.74719,37.0172,88
7.27,-862.52,-20.53619,0.847266,-0.265218,-2.92354,50.443,42
7.26,1024.72,34.157333,1.307456,1.163516,5.250581,14.4285,30
7.03,-456.6,-13.429412,0.627873,-0.43499,-5,19.6136,34
6.96,-1193.18,-11.256415,0.63771,-0.632812,-4.973928,35.8361,106
6.85,-570.05,-6.333889,0.842008,-0.355014,-2.165639,29.6987,90
6.82,-670.51,-11.973393,0.687714,-0.451516,-5,26.5169,56
6.76,-25.56,-0.79875,0.944415,-0.084692,-0.811612,5.8306,32
6.69,-35.94,-1.123125,0.927082,-0.104708,-1.212283,6.6357,32
6.67,-257.45,-8.045313,0.703382,-0.503363,-4.052013,9.9074,32
6.62,-996.53,-17.181552,0.321248,-0.765073,-5,24.5482,58
6.5,75.47,2.096389,1.018373,0.028131,0.110669,49.2122,36
6.38,-905.9,-19.693478,0.684588,-0.644333,-5,25.6849,46
6.33,-250.27,-3.128375,0.942581,-0.127975,-1.065492,32.6901,80
6.26,-301.91,-8.626,0.644757,-0.483303,-5,12.027,35
6.23,-984.23,-27.339722,0.529068,-0.538746,-5,32.4283,36
6.21,-2293.01,-63.694722,0.684839,-0.439616,-4.256444,66.2171,36
6.1,2204.59,73.486333,1.52931,1.151378,2.204357,31.4202,30
6.07,-85.13,-1.35127,0.982263,-0.037543,-0.295191,36.9523,63
6.05,-2880.61,-35.12939,0.754927,-0.527636,-4.112114,80.9943,82
5.89,-858.73,-23.853611,0.424821,-0.76301,-5,21.5556,36
5.72,-3.99,-0.12871,0.995312,-0.007638,-0.054851,10.0652,31
5.54,-165.2,-4.858824,0.709001,-0.424242,-5,7.4538,34
5.53,202.86,7.245,1.395855,0.654598,4.324979,5.9992,28
5.34,2461.54,82.051333,1.340873,0.579524,4.117829,46.8321,30
5.34,-348.42,-10.888125,0.50784,-0.779254,-5,8.8807,32
5.28,-484.38,-15.136875,0.381,-0.8497,-5,11.3262,32
5.21,-1090.65,-9.321795,0.477878,-0.784928,-5,26.8827,117
5.16,-804.77,-18.715581,0.395269,-0.651414,-5,23.4859,43
5.01,-709.09,-12.22569,0.891659,-0.22479,-2.16073,49.174,58
4.78,-820,-8.817204,0.591393,-0.53736,-5,28.0963,93
4.76,-1.8,-0.06,0.997435,-0.003155,-0.034603,10.8442,30
4.73,-194.48,-5.893333,0.542529,-0.526989,-5,7.2508,33
4.68,-469.77,-4.745152,0.840328,-0.286665,-5,28.9244,99
4.59,-3047.58,-38.576962,0.598392,-0.738979,-5,71.1312,79
4.57,-963.04,-24.076,0.604363,-0.637957,-5,27.8796,40
4.48,-2632.76,-23.934182,0.757318,-0.424746,-5,78.5163,110
4.21,-1177.04,-24.021224,0.596333,-0.477666,-5,39.2969,49
4.14,-1070.43,-16.725469,0.668916,-0.581692,-5,33.9155,64
4.11,-818.18,-15.151481,0.87915,-0.217715,-2.750949,52.4277,54
4.08,-1226.57,-15.725256,0.556755,-0.697295,-5,34.4802,78
4.07,-1384.68,-20.067826,0.691045,-0.622745,-5,40.6066,69
4.07,-1186.38,-12.621064,0.752618,-0.538994,-5,40.0967,94
4.06,-1381.53,-12.225929,0.699352,-0.45438,-5,48.5728,113
4.06,-116.9,-3.653125,0.819738,-0.40917,-5,5.6766,32
4.04,-826.96,-25.059394,0.629312,-0.529929,-3.373913,29.6184,33
4.03,-117.05,-3.657813,0.264992,-0.646864,-5,3.5733,32
4.02,-862.31,-26.130606,0.567385,-0.531722,-5,30.1779,33
3.94,-170.3,-5.872414,0.805198,-0.298872,-2.459102,10.9861,29
3.81,-124.26,-4.284828,0.69209,-0.667419,-5,3.7214,29
3.75,229.13,8.812692,1.353345,0.813816,3.091222,5.1183,26
3.74,-210.86,-6.801935,0.832166,-0.248664,-2.452456,15.893,31
3.71,-704.38,-23.479333,0.48505,-0.679654,-5,19.437,30
3.58,-734.46,-25.326207,0.357832,-0.870358,-5,16.5158,29
3.44,-200.12,-6.90069,0.754345,-0.432299,-4.831852,8.8167,29
3.42,-236.3,-8.148276,0.692286,-0.438258,-4.321793,10.6431,29
3.41,-897.28,-28.944516,0.390952,-0.733779,-5,23.4252,31
3.34,-978.04,-25.737895,0.744263,-0.54268,-5,32.8302,38
3.33,-861.04,-24.601143,0.532722,-0.631854,-5,24.7692,35
3.3,-506.88,-16.350968,0.467406,-0.807417,-5,12.35,31
3.25,-175.33,-6.261786,0.516598,-0.708204,-5,4.9319,28
3.23,141.49,5.053214,1.142466,0.158142,0.852107,17.4844,28
3.15,4194.21,174.75875,2.306546,2.582705,5.500378,26.0438,24
3.03,116.62,4.485385,1.444741,0.792578,5.977504,2.8182,26
2.97,-193.92,-6.464,0.681827,-0.49662,-5,7.5955,30
2.9,159.64,6.14,1.120155,0.252248,1.521052,11.1231,26
2.9,103.41,3.977308,1.141669,0.231669,1.468692,8.3281,26
2.86,-105.65,-3.521667,0.261705,-0.880784,-5,2.3922,30
2.85,-281.85,-9.395,0.216866,-0.880369,-5,6.3796,30
2.78,196.69,8.551739,1.989486,1.528996,5.223945,2.4606,23
2.73,1580.35,68.71087,1.835161,1.647502,8.619036,15.0596,23
2.71,-658.85,-23.530357,0.298035,-0.75776,-5,16.7595,28
2.57,88.13,3.5252,1.237727,0.405998,1.635166,4.172,25
2.54,-429.93,-15.923333,0.576624,-0.569791,-5,14.176,27
2.51,-504.4,-17.393103,0.738968,-0.398342,-5,22.5764,29
2.31,41.7,1.7375,1.204833,0.253835,3.028567,3.2143,24
2.3,-682.62,-21.331875,0.479421,-0.638792,-5,20.2292,32
2.29,-168.5,-6.480769,0.618692,-0.431167,-5,7.6274,26
2.26,-1881.11,-62.703667,0.434586,-0.779473,-5,44.5877,30
2.21,-3709.49,-90.475366,0.282884,-0.806584,-5,78.088,41
2.15,62.63,2.5052,1.086552,0.141406,1.074703,8.5048,25
1.99,-1177.56,-35.683636,0.471648,-0.749671,-5,29.6233,33
1.99,-199.06,-7.109286,0.311068,-0.88142,-5,4.4927,28
1.97,-579.64,-20.701429,0.576714,-0.567068,-5,19.1407,28
1.92,-1040.15,-30.592647,0.288504,-0.867406,-5,23.2438,34
1.88,-583.35,-20.115517,0.527369,-0.622924,-5,17.7029,29
1.82,-3989.81,-137.579655,0.338306,-0.696752,-5,87.2006,29
1.7,81.05,3.684091,1.330412,0.420384,5.353292,3.7319,22
1.68,123.42,5.61,1.492105,0.955411,5.315788,2.5132,22
1.67,-724.98,-26.851111,0.597262,-0.569859,-5,23.352,27
1.65,-2826.84,-100.958571,0.387707,-0.825639,-5,63.5691,28
1.61,43.8,1.904348,1.182409,0.280985,2.9444,3.0409,23
1.61,-237.84,-9.5136,0.684152,-0.351237,-4.713355,12.9307,25
1.57,-41.67,-1.73625,0.863743,-0.191922,-2.734826,4.2385,24
1.57,-578.07,-23.1228,0.482248,-0.614288,-5,18.2632,25
1.56,-144.9,-6.0375,0.740796,-0.304655,-3.843968,9.1625,24
1.49,171.28,6.343704,1.047422,0.101556,0.682049,29.0275,27
1.46,-238.43,-9.934583,0.339712,-0.685518,-5,6.8784,24
1.41,34.95,1.519565,1.112597,0.137086,0.8119,4.899,23
1.37,233.75,11.6875,1.764388,0.433513,2.38236,9.7612,20
1.36,-1563.14,-57.894074,0.462341,-0.740333,-5,38.1666,27
1.31,389.06,17.684545,1.333593,0.511834,4.240941,13.7543,22
1.31,-471.64,-18.14,0.542079,-0.670067,-5,13.5497,26
1.29,-56.58,-2.46,0.905217,-0.148601,-1.642098,7.3065,23
1.29,-397.79,-15.299615,0.754062,-0.536872,-5,13.8671,26
1.24,-307.4,-13.365217,0.49689,-0.55745,-5,10.6371,23
1.14,-177.1,-7.084,0.569581,-0.527963,-5,6.5648,25
1.13,-215.36,-8.6144,0.49851,-0.558738,-5,7.6345,25
1.12,-702.63,-28.1052,0.437423,-0.781864,-5,17.4482,25
1.06,71.33,3.5665,1.285754,0.268936,1.98663,5.1402,20
1.01,1361.84,68.092,1.716388,0.602784,2.493784,39.2503,20
0.94,-1374.73,-54.9892,0.519396,-0.809136,-5,31.9106,25
0.81,241.74,14.22,1.993098,1.093945,7.202873,4.1667,17
0.78,-1566.14,-65.255833,0.698404,-0.416948,-2.796312,65.3027,24
0.78,-169.6,-8.07619,0.494561,-0.600673,-5,5.5445,21
0.77,-209.92,-9.126957,0.554424,-0.59895,-5,6.876,23
0.77,-465.72,-20.248696,0.275392,-0.949596,-5,9.7605,23
0.71,254.42,14.965882,1.52475,0.709956,3.445416,6.8037,17
0.69,-105.44,-5.272,0.721441,-0.440729,-5,4.6601,20
0.67,1090.15,64.126471,1.918152,1.208512,11.409375,14.8923,17
0.67,-168.82,-8.441,0.825489,-0.201846,-3.923079,15.3772,20
0.57,-2425.3,-78.235484,0.334093,-0.876142,-5,51.8105,31
0.52,-158.94,-7.568571,0.678493,-0.331899,-3.952347,9.3966,21
0.52,92.88,5.805,1.328802,0.435566,3.00605,4.1151,16
0.52,-273.16,-13.007619,0.520486,-0.664574,-5,8.0519,21
0.5,164.57,10.971333,1.597915,0.737916,2.9999,4.3998,15
0.48,7.35,0.408333,1.023783,0.037367,0.247623,3.8747,18
0.47,-1552.4,-64.683333,0.603929,-0.6068,-5,47.0394,24
0.46,-240.16,-13.342222,0.527095,-0.51634,-2.63303,9.2618,18
0.42,-260.02,-13.001,0.572631,-0.448519,-5,10.9614,20
0.41,-241.46,-12.708421,0.404449,-0.862203,-5,5.5808,19
0.4,-462.97,-25.720556,0.588574,-0.484142,-3.647584,18.3169,18
0.4,-61.36,-3.609412,0.807583,-0.186891,-1.755687,6.3974,17
0.39,-8.27,-0.459444,0.986353,-0.024974,-0.136695,6.4404,18
0.39,-962.87,-35.661852,0.818641,-0.232892,-4.697607,52.7141,27
0.36,-3343.16,-167.158,0.281801,-0.635894,-5,87.4806,20
0.33,74.78,4.985333,1.167211,0.223825,1.395095,6.518,15
0.33,-11.14,-0.69625,0.979653,-0.023944,-0.098959,8.9407,16
0.32,311.14,23.933846,1.771485,0.590186,1.750763,9.4774,13
0.31,-396.76,-24.7975,0.385516,-0.632166,-5,12.1782,16
0.3,210.07,17.505833,1.892358,1.088897,2.621283,3.8381,12
0.24,-246.2,-16.413333,0.291103,-0.744797,-5,6.5015,15
0.24,-37.59,-2.211176,0.847009,-0.224969,-3.0347,3.2985,17
0.24,-67.97,-3.998235,0.802522,-0.21336,-2.847067,6.1039,17
0.23,-533.48,-31.381176,0.086741,-0.907372,-5,11.674,17
0.23,-568.32,-33.430588,0.262478,-0.949479,-5,11.8992,17
0.22,-2618.33,-145.462778,0.383542,-0.762834,-5,59.0359,18
0.18,-55.54,-3.702667,0.892821,-0.205475,-0.44391,5.4041,15
0.17,-1667.28,-72.490435,0.561409,-0.590064,-5,45.8826,23
0.16,-393.11,-30.239231,0.472668,-0.581137,-2.338293,12.926,13
0.16,-75.8,-5.053333,0,-0.908873,-5,1.6655,15
0.13,42.52,3.543333,1.100148,0.148791,0.483703,5.5293,12
0.11,-105.42,-8.109231,0.558986,-0.476152,-3.115301,4.3677,13
0.1,-275.64,-13.125714,0.848623,-0.151031,-2.224419,31.0574,21
0.09,-130,-10.833333,0.61298,-0.445205,-4.858539,5.6957,12
0.09,-21.07,-1.755833,0.83361,-0.142586,-2.01608,2.8824,12
0.09,-79.9,-6.658333,0.525957,-0.563271,-2.525044,2.825,12
0.03,-1349.46,-103.804615,0.424483,-0.801028,-2.262485,31.5763,13
0.01,-1431.1,-143.11,0.220275,-0.809918,-3.478996,33.1149,10
